{"cameraMode":{"drawMode":0,"name":"Shaded","section":"Shading Mode"},"sceneLighting":false,"audioPlay":false,"sceneViewState":{"showFog":true,"showMaterialUpdate":true,"showSkybox":true,"showFlares":true,"showImageEffects":true,"showParticleSystems":true},"in2DMode":false,"pivot":{"x":5.644881248474121,"y":0.7299684882164002,"z":-31.87160873413086},"rotation":{"x":0.12134227156639099,"y":-0.7792158722877502,"z":0.5939921736717224,"w":0.1592956781387329},"size":5.991574287414551,"orthographic":false}